{"ARNAUD":1.0,"CEDRIC":0.7068018085,"SYLVAIN":0.6958034904,"LUDOVIC":0.6895989849,"DAMIEN":0.636893,"EMMANUEL":0.6359931416,"FABIEN":0.6230313162,"FABRICE":0.6214999925,"BENO\u00c3\u008eT":0.6207859147,"XAVIER":0.5995332856,"BENJAMIN":0.5671791389,"MATHIEU":0.5596462129,"JEREMY":0.5568784472,"FLORIAN":0.5564119676,"MICKAEL":0.5524346808,"QUENTIN":0.5260155405,"ALEXIS":0.5259019731,"CYRIL":0.5202764248,"HERV\u00c3\u0089":0.5068818897,"RAPHA\u00c3\u008bL":0.5066742201}